_loss,_accuracy,_ones_ratio,_f1_score,_precision_score,_recall_score,_roc_auc_score,phase,_lamda
,0.8898700433188937,0.0,0.0,0.0,0.0,0.5,train,0.3333333333333333
,0.8931795386158475,0.0,0.0,0.0,0.0,0.5,val,0.3333333333333333
0.14259245789482075,0.883605745418524,0.016840019811788013,0.1391941391941392,0.5588235294117647,0.0794979079497908,0.535535470828828,test,0.3333333333333333
