_loss,_accuracy,_ones_ratio,_f1_score,_precision_score,_recall_score,_roc_auc_score,phase,_lamda
0.173904806891905,0.8898700433188937,0.0,0.0,0.0,0.0,0.5,train,0.36
0.1788387770877559,0.8931795386158475,0.0,0.0,0.0,0.0,0.5,val,0.36
0.142393245296705,0.8816245666171372,0.0,0.0,0.0,0.0,0.5,test,0.36
