_loss,_accuracy,_ones_ratio,_f1_score,_precision_score,_recall_score,_roc_auc_score,phase,_lamda
0.12838448490730248,0.8887037654115295,0.03548817060979673,0.23569794050343248,0.4835680751173709,0.15582450832072617,0.5676145570998875,train,0.2
0.17023791526719823,0.7988966900702106,0.24674022066198595,0.43120567375886526,0.3089430894308943,0.7136150234741784,0.761355518474877,val,0.2
0.1259214661982226,0.8900445765230312,0.026250619118375434,0.23972602739726026,0.660377358490566,0.14644351464435146,0.5681655775468948,test,0.2
